/properties/144210746#/?channel=RES_LET,AB10
/properties/146191190#/?channel=RES_LET,AB10
/properties/143473274#/?channel=RES_LET,AB10
/properties/145324520#/?channel=RES_LET,AB10
/properties/145593152#/?channel=RES_LET,AB10
/properties/145906028#/?channel=RES_LET,AB10
/properties/146265746#/?channel=RES_LET,AB10
/properties/144142436#/?channel=RES_LET,AB10
/properties/145870889#/?channel=RES_LET,AB10
/properties/145654250#/?channel=RES_LET,AB10
/properties/146031743#/?channel=RES_LET,AB10
/properties/145670249#/?channel=RES_LET,AB10
/properties/86819703#/?channel=RES_LET,AB10
/properties/145663613#/?channel=RES_LET,AB10
/properties/146176340#/?channel=RES_LET,AB10
/properties/145429649#/?channel=RES_LET,AB10
/properties/144124088#/?channel=RES_LET,AB10
/properties/144446492#/?channel=RES_LET,AB10
/properties/146070353#/?channel=RES_LET,AB10
/properties/146021411#/?channel=RES_LET,AB10
/properties/146189960#/?channel=RES_LET,AB10
/properties/146283386#/?channel=RES_LET,AB10
/properties/145681133#/?channel=RES_LET,AB10
/properties/146197511#/?channel=RES_LET,AB10
/properties/146190047#/?channel=RES_LET,AB10
/properties/145670252#/?channel=RES_LET,AB10
/properties/146053655#/?channel=RES_LET,AB10
/properties/145567352#/?channel=RES_LET,AB10
/properties/146237744#/?channel=RES_LET,AB10
/properties/141753824#/?channel=RES_LET,AB10
/properties/145663163#/?channel=RES_LET,AB10
/properties/144643187#/?channel=RES_LET,AB10
/properties/138386171#/?channel=RES_LET,AB10
/properties/146197388#/?channel=RES_LET,AB10
/properties/145754357#/?channel=RES_LET,AB10
/properties/143323313#/?channel=RES_LET,AB10
/properties/145754039#/?channel=RES_LET,AB10
/properties/144730796#/?channel=RES_LET,AB10
/properties/144728555#/?channel=RES_LET,AB10
/properties/145882343#/?channel=RES_LET,AB10
/properties/69685265#/?channel=RES_LET,AB10
/properties/145444526#/?channel=RES_LET,AB10
/properties/145883051#/?channel=RES_LET,AB10
/properties/145912496#/?channel=RES_LET,AB10
/properties/144268058#/?channel=RES_LET,AB10
/properties/144415856#/?channel=RES_LET,AB10
/properties/146222975#/?channel=RES_LET,AB10
/properties/146211875#/?channel=RES_LET,AB10
/properties/146164982#/?channel=RES_LET,AB10
/properties/144012827#/?channel=RES_LET,AB10
/properties/145025468#/?channel=RES_LET,AB10
/properties/146190197#/?channel=RES_LET,AB10
/properties/146199032#/?channel=RES_LET,AB10
/properties/146190545#/?channel=RES_LET,AB10
/properties/146190362#/?channel=RES_LET,AB10
/properties/146053247#/?channel=RES_LET,AB10
/properties/145678151#/?channel=RES_LET,AB10
/properties/146164979#/?channel=RES_LET,AB10
