/properties/145107377#/?channel=RES_BUY,AB10
/properties/136962359#/?channel=RES_BUY,AB10
/properties/139617320#/?channel=RES_BUY,AB10
/properties/142097243#/?channel=RES_BUY,AB10
/properties/146129099#/?channel=RES_BUY,AB10
/properties/144396827#/?channel=RES_BUY,AB10
/properties/146312342#/?channel=RES_BUY,AB10
/properties/138099734#/?channel=RES_BUY,AB10
/properties/146261156#/?channel=RES_BUY,AB10
/properties/145875587#/?channel=RES_BUY,AB10
/properties/146128823#/?channel=RES_BUY,AB10
/properties/142398368#/?channel=RES_BUY,AB10
/properties/74584467#/?channel=RES_BUY,AB10
/properties/146144522#/?channel=RES_BUY,AB10
/properties/146009876#/?channel=RES_BUY,AB10
/properties/140714153#/?channel=RES_BUY,AB10
/properties/145122797#/?channel=RES_BUY,AB10
/properties/144225770#/?channel=RES_BUY,AB10
/properties/133542152#/?channel=RES_BUY,AB10
/properties/138080987#/?channel=RES_BUY,AB10
/properties/142910597#/?channel=RES_BUY,AB10
/properties/141937298#/?channel=RES_BUY,AB10
/properties/143506415#/?channel=RES_BUY,AB10
/properties/142087805#/?channel=RES_BUY,AB10
/properties/59802300#/?channel=RES_BUY,AB10
/properties/138183614#/?channel=RES_BUY,AB10
/properties/141937301#/?channel=RES_BUY,AB10
/properties/141937304#/?channel=RES_BUY,AB10
/properties/146288825#/?channel=RES_BUY,AB10
/properties/134497802#/?channel=RES_BUY,AB10
/properties/135099281#/?channel=RES_BUY,AB10
/properties/86361945#/?channel=RES_BUY,AB10
/properties/134029505#/?channel=RES_BUY,AB10
/properties/145020839#/?channel=RES_BUY,AB10
